{
  "sparkMaster": "yarn-cluster",
  "environment": "PROD",
  "sourceEnabled": "PROD",
  "targetEnabled": "PROD",
  "warehouse": {
    "outbound_path": "/app/tetra/DLM/data/migrations/",
    "logdir": "/app/tetra/DLM/logs/"
  },
  "tables": {
    "serializeddevicehistory_v2": {
      "postingdateStart": "REPLACE_WITH_START_DATE",
      "postingdateEnd": "REPLACE_WITH_END_DATE"
    },
    "dualimeiinfo_by_primary_imei": {
      "postingdateStart": "REPLACE_WITH_START_DATE",
      "postingdateEnd": "REPLACE_WITH_END_DATE"
    },
    "serializedmaterial": {
      "postingdateStart": "REPLACE_WITH_START_DATE",
      "postingdateEnd": "REPLACE_WITH_END_DATE"
    },
    "stockonhand": {
      "postingdateStart": "REPLACE_WITH_START_DATE",
      "postingdateEnd": "REPLACE_WITH_END_DATE"
    },
    "stocktransferorder": {
      "postingdateStart": "REPLACE_WITH_START_DATE",
      "postingdateEnd": "REPLACE_WITH_END_DATE"
    }
  },
  "cassandra_source": {
    "TETRA": {
      "PROD": {
        "hostname": "REPLACE_WITH_CASSANDRA_HOSTNAME",
        "port": "9042",
        "username": "REPLACE_WITH_CASSANDRA_USERNAME",
        "password": "REPLACE_WITH_CASSANDRA_PASSWORD",
        "truststorepath": "/app/tetra/DLM/certs/cassandra-truststore.jks",
        "truststorepassword": "REPLACE_WITH_TRUSTSTORE_PASSWORD",
        "cluster_name": "REPLACE_WITH_CLUSTER_NAME",
        "keyspace": "REPLACE_WITH_KEYSPACE_NAME",
        "dc_name": "REPLACE_WITH_DATACENTER_NAME"
      }
    },
    "HP": {
      "PROD": {
        "hostname": "REPLACE_WITH_HP_CASSANDRA_HOSTNAME",
        "port": "9042",
        "username": "REPLACE_WITH_HP_CASSANDRA_USERNAME",
        "password": "REPLACE_WITH_HP_CASSANDRA_PASSWORD",
        "truststorepath": "/app/tetra/DLM/certs/hp-cassandra-truststore.jks",
        "truststorepassword": "REPLACE_WITH_HP_TRUSTSTORE_PASSWORD",
        "cluster_name": "REPLACE_WITH_HP_CLUSTER_NAME",
        "keyspace": "REPLACE_WITH_HP_KEYSPACE_NAME",
        "dc_name": "REPLACE_WITH_HP_DATACENTER_NAME"
      }
    },
    "SUPPLY_CHAIN": {
      "PROD": {
        "hostname": "lpollcmsv0002a.unix.gsm1900.org,lpollcmsv0002b.unix.gsm1900.org,lpollcmsv0002d.unix.gsm1900.org,lpollcmsv0002e.unix.gsm1900.org,lpollcmsv00031.unix.gsm1900.org,lpollcmsv00032.unix.gsm1900.org",
        "port": "9042",
        "username": "svc_qat_migrelev",
        "password": "cGxhYl8zNHl1aHhjZmdybnI=",
        "truststorepath": "/app/tetra/DLM/certs/supply-chain-truststore.jks",
        "truststorepassword": "REPLACE_WITH_SUPPLY_CHAIN_TRUSTSTORE_PASSWORD",
        "cluster_name": "pel_tscs_1",
        "keyspace": "supply_chain_domain",
        "dc_name": "pel_tscs_pl_cass_1"
      }
    }
  },
  "oracle_target": {
    "PROD": {
      "url": "jdbc:oracle:thin:@gbl-tdlmg-scan.eitoracle.gsm1900.org:1678/tdlmg",
      "driver": "oracle.jdbc.OracleDriver",
      "username": "NAravap1[SCH_NONDLM]",
      "password": "Tm9uZGxtX3N0YWdpbmdfOTg3NjU0MzIx"
    }
  },
  "performance_settings": {
    "batch_size": 10000,
    "parallel_jobs": 4,
    "connection_timeout": 300000,
    "read_timeout": 600000,
    "retry_attempts": 3,
    "retry_delay": 5000
  },
  "monitoring": {
    "enable_metrics": true,
    "metrics_port": 4040,
    "enable_jmx": true,
    "jmx_port": 9999,
    "log_level": "INFO"
  },
  "security": {
    "enable_ssl": true,
    "ssl_protocols": ["TLSv1.2", "TLSv1.3"],
    "cipher_suites": ["TLS_ECDHE_RSA_WITH_AES_256_GCM_SHA384", "TLS_ECDHE_RSA_WITH_AES_128_GCM_SHA256"],
    "certificate_validation": false
  }
}