{
  "sparkMaster": "yarn-cluster",
  "environment": "Non-PROD",
  "sourceEnabled": "DEV",
  "targetEnabled": "DEV",
  "warehouse": {
	"outbound_path": "/app/tetra/DLM/outbound/",
	"logdir": "/app/tetra/DLM/logs/",
  },
  "tables": {
	"serializeddevicehistory_v2": {
		"postingdateStart": "2019-01-01",
		"postingdateEnd": "2025-05-13"
	},
	"dualimeiinfo_by_primary_imei": {
		"postingdateStart": "2019-01-01",
		"postingdateEnd": "2025-05-13"
	}
  },

  "cassandra_source": {
	"TETRA": {
		"DEV": {
			"hostname": "devplcmsv000c.unix.gsm1900.org",
			"port": "9042",
			"username": "",
			"password": "",
			"truststorepath": "",
			"truststorepassword": "",
			"cluster_name": "",
			"keyspace": ""
		}
	}
	"HP": {
		"DEV": {
			"hostname": "devplcmsv000c.unix.gsm1900.org",
			"port": "9042",
			"username": "",
			"password": "",
			"truststorepath": "",
			"truststorepassword": "",
			"cluster_name": "",
			"keyspace": ""
		}
	}
  },
  "oracle_target": {
    "DEV": {
      "url": "jdbc:oracle:thin:@10.158.148.141:1678:drscs1",
      "driver": "oracle.jdbc.OracleDriver",
      "username": "",
      "password": ""
    }
  }
}
